INSERT INTO public."Airline"(
	"OFFICE_ID", "OFFICE_COUNTRY", "OFFICE_CITY", "OFFICE_STREET", "OFFICE_HOUSE", "PHONE_NUMBER")
	VALUES (1, 'Russia', 'Perm', 'Lenina', '89', '88005553535');


INSERT INTO public."Airport" ("AIRPORT_NAME", "AIRPORT_CITY", "AIRPORT_COUNTRY", "NUMBER_OF_RUNWAYS", "AIRPORT_CAPACITY", "AIRPORT_TYPE", "WORKING_HOURS") 
VALUES ('Sheremetyevo International Airport', 'Moscow', 'Russia', 2, 40000, 'International', '24 hours'),
       ('Pulkovo Airport', 'Saint Petersburg', 'Russia', 2, 17000, 'International', '24 hours'),
       ('Domodedovo International Airport', 'Moscow', 'Russia', 3, 38000, 'International', '24 hours'),
       ('Vnukovo International Airport', 'Moscow', 'Russia', 2, 15000, 'International', '24 hours'),
       ('Sochi International Airport', 'Sochi', 'Russia', 2, 2500, 'International', '24 hours'),
       ('Koltsovo Airport', 'Yekaterinburg', 'Russia', 2, 6000, 'International', '24 hours'),
       ('Tolmachevo Airport', 'Novosibirsk', 'Russia', 2, 5800, 'International', '24 hours'),
       ('Kazan International Airport', 'Kazan', 'Russia', 2, 1750, 'International', '24 hours'),
       ('Platov International Airport', 'Rostov-on-Don', 'Russia', 2, 2200, 'International', '24 hours'),
       ('Khrabrovo Airport', 'Kaliningrad', 'Russia', 2, 1400, 'International', '24 hours'),
       ('Ufa International Airport', 'Ufa', 'Russia', 2, 2200, 'International', '24 hours'),
       ('Kurumoch International Airport', 'Samara', 'Russia', 2, 3500, 'International', '24 hours'),
       ('Strigino International Airport', 'Nizhny Novgorod', 'Russia', 2, 1100, 'International', '24 hours'),
       ('Bolshoye Savino Airport', 'Perm', 'Russia', 2, 1200, 'International', '24 hours'),
       ('Chelyabinsk Airport', 'Chelyabinsk', 'Russia', 2, 1300, 'International', '24 hours'),
       ('Omsk Tsentralny Airport', 'Omsk', 'Russia', 2, 1400, 'International', '24 hours'),
       ('Krasnodar International Airport', 'Krasnodar', 'Russia', 2, 1500, 'International', '24 hours'),
       ('Roshchino International Airport', 'Tyumen', 'Russia', 2, 1600, 'International', '24 hours'),
       ('Vladivostok International Airport', 'Vladivostok', 'Russia', 2, 1700, 'International', '24 hours'),
       ('Yemelyanovo International Airport', 'Krasnoyarsk', 'Russia', 2, 1800, 'International', '24 hours'),
       ('Irkutsk International Airport', 'Irkutsk', 'Russia', 2, 1900, 'International', '24 hours'),
       ('Uytash Airport', 'Makhachkala', 'Russia', 2, 2000, 'International', '24 hours'),
       ('Begishevo Airport', 'Naberezhnye Chelny', 'Russia', 2, 2100, 'International', '24 hours'),
       ('Magnitogorsk International Airport', 'Magnitogorsk', 'Russia', 2, 2200, 'International', '24 hours'),
       ('Nizhnevartovsk Airport', 'Nizhnevartovsk', 'Russia', 2, 2300, 'International', '24 hours'),
       ('Grozny Airport', 'Grozny', 'Russia', 2, 2400, 'International', '24 hours'),
       ('Yakutsk Airport', 'Yakutsk', 'Russia', 2, 2500, 'International', '24 hours'),
       ('Gorno-Altaysk Airport', 'Gorno-Altaysk', 'Russia', 2, 2600, 'International', '24 hours'),
       ('Pobedilovo Airport', 'Kirov', 'Russia', 2, 2700, 'International', '24 hours'),
       ('Surgut International Airport', 'Surgut', 'Russia', 2, 2800, 'International', '24 hours');


INSERT INTO public."Airplane" ("OFFICE_ID", "AIRPLANE_TYPE", "AIRPLANE_CAPACITY", "YEAR_OF_ISSUE", "LAST_MAINTENANCE_DATE", "AIRPLANE_STATUS", "AIRPLANE_MILEAGE") 
VALUES (1, 'Boeing 737', 200, 2000, '2022-01-01', 'Active', 50000),
       (1, 'Airbus A320', 180, 2005, '2022-02-01', 'Active', 60000),
       (1, 'Boeing 747', 400, 1995, '2022-03-01', 'Maintenance', 70000),
       (1, 'Airbus A380', 853, 2010, '2022-04-01', 'Active', 80000),
       (1, 'Boeing 777', 396, 2015, '2022-05-01', 'Active', 90000),
       (1, 'Airbus A350', 440, 2020, '2022-06-01', 'Active', 100000),
       (1, 'Boeing 787', 296, 2021, '2022-07-01', 'Maintenance', 110000),
       (1, 'Airbus A330', 335, 2000, '2022-08-01', 'Active', 120000),
       (1, 'Boeing 767', 375, 2005, '2022-09-01', 'Active', 130000),
       (1, 'Airbus A340', 440, 2010, '2022-10-01', 'Maintenance', 140000),
       (1, 'Boeing 757', 295, 2015, '2022-11-01', 'Active', 150000),
       (1, 'Airbus A220', 160, 2020, '2022-12-01', 'Active', 160000),
       (1, 'Boeing 727', 189, 2021, '2023-01-01', 'Maintenance', 170000),
       (1, 'Airbus A310', 279, 2000, '2023-02-01', 'Active', 180000),
       (1, 'Boeing 717', 134, 2005, '2023-03-01', 'Active', 190000),
       (1, 'Boeing 737', 200, 2000, '2023-04-01', 'Active', 200000),
       (1, 'Airbus A320', 180, 2005, '2023-05-01', 'Active', 210000),
       (1, 'Boeing 747', 400, 1995, '2023-06-01', 'Maintenance', 220000),
       (1, 'Airbus A380', 853, 2010, '2023-07-01', 'Active', 230000),
       (1, 'Boeing 777', 396, 2015, '2023-08-01', 'Active', 240000),
       (1, 'Airbus A350', 440, 2020, '2023-09-01', 'Active', 250000),
       (1, 'Boeing 787', 296, 2021, '2023-10-01', 'Maintenance', 260000),
       (1, 'Airbus A330', 335, 2000, '2023-11-01', 'Active', 270000),
       (1, 'Boeing 767', 375, 2005, '2023-12-01', 'Active', 280000),
       (1, 'Airbus A340', 440, 2010, '2024-01-01', 'Maintenance', 290000),
       (1, 'Boeing 757', 295, 2015, '2024-02-01', 'Active', 300000),
       (1, 'Airbus A220', 160, 2020, '2024-03-01', 'Active', 310000),
       (1, 'Boeing 727', 189, 2021, '2024-04-01', 'Maintenance', 320000),
       (1, 'Airbus A310', 279, 2000, '2024-05-01', 'Active', 330000),
       (1, 'Boeing 717', 134, 2005, '2024-06-01', 'Active', 340000);


INSERT INTO public."Employee" ("OFFICE_ID", "CREW_FIRSTN", "CREW_LASTN", "CREW_FATHERN", "BIRTH_DT", "CREW_POSITION", "WORK_EXPERIENCE", "MEDICAL_EXAMINATION_DATE", "CREW_STATUS")
VALUES (1, 'Ivan', 'Ivanov', 'Ivanovich', '1980-01-01', 'Pilot', 15, '2022-01-01', 'Active'),
       (2, 'Petr', 'Petrov', 'Petrovich', '1981-02-02', 'Steward', 14, '2022-02-02', 'Active'),
       (3, 'Sidor', 'Sidorov', 'Sidorovich', '1982-03-03', 'Pilot', 13, '2022-03-03', 'Active'),
       (4, 'Nikolay', 'Nikolaev', 'Nikolaevich', '1983-04-04', 'Pilot', 12, '2022-04-04', 'Active'),
       (5, 'Mikhail', 'Mikhailov', 'Mikhailovich', '1984-05-05', 'Steward', 11, '2022-05-05', 'Active'),
       (6, 'Alexey', 'Alexeev', 'Alexeevich', '1985-06-06', 'Steward', 10, '2022-06-06', 'Active'),
       (7, 'Dmitriy', 'Dmitriev', 'Dmitrievich', '1986-07-07', 'Pilot', 9, '2022-07-07', 'Active'),
       (8, 'Sergey', 'Sergeev', 'Sergeevich', '1987-08-08', 'Steward', 8, '2022-08-08', 'Active'),
       (9, 'Andrey', 'Andreev', 'Andreevich', '1988-09-09', 'Pilot', 7, '2022-09-09', 'Active'),
       (10, 'Yuriy', 'Yuriev', 'Yurievich', '1989-10-10', 'Pilot', 6, '2022-10-10', 'Active'),
       (11, 'Anton', 'Antonov', 'Antonovich', '1990-11-11', 'Steward', 5, '2022-11-11', 'Active'),
       (12, 'Boris', 'Borisov', 'Borisovich', '1991-12-12', 'Steward', 4, '2022-12-12', 'Active'),
       (13, 'Vladimir', 'Vladimirov', 'Vladimirovich', '1992-01-13', 'Pilot', 3, '2023-01-13', 'Active'),
       (14, 'Viktor', 'Viktorov', 'Viktorovich', '1993-02-14', 'Steward', 2, '2023-02-14', 'Active'),
       (15, 'Evgeniy', 'Evgeniev', 'Evgenievich', '1994-03-15', 'Pilot', 1, '2023-03-15', 'Active'),
       (16, 'Konstantin', 'Konstantinov', 'Konstantinovich', '1995-04-16', 'Pilot', 15, '2023-04-16', 'Active'),
       (17, 'Maxim', 'Maximov', 'Maximovich', '1996-05-17', 'Steward', 14, '2023-05-17', 'Active'),
       (18, 'Igor', 'Igorev', 'Igorevich', '1997-06-18', 'Steward', 13, '2023-06-18', 'Active'),
       (19, 'Oleg', 'Olegov', 'Olegovich', '1998-07-19', 'Pilot', 12, '2023-07-19', 'Active'),
       (20, 'Leonid', 'Leonidov', 'Leonidovich', '1999-08-20', 'Steward', 11, '2023-08-20', 'Active'),
       (21, 'Roman', 'Romanov', 'Romanovich', '2000-09-21', 'Pilot', 10, '2023-09-21', 'Active'),
       (22, 'Vasiliy', 'Vasiliev', 'Vasilievich', '2000-10-22', 'Pilot', 9, '2023-10-22', 'Active'),
       (23, 'Pavel', 'Pavlov', 'Pavlovich', '2002-11-23', 'Steward', 8, '2023-11-23', 'Active'),
       (24, 'Kirill', 'Kirillov', 'Kirillovich', '2003-12-24', 'Steward', 7, '2023-12-24', 'Active'),
       (25, 'Stepan', 'Stepanov', 'Stepanovich', '1996-01-25', 'Pilot', 6, '2024-01-25', 'Active'),
       (26, 'Grigoriy', 'Grigoriev', 'Grigorievich', '2000-02-26', 'Steward', 5, '2024-02-26', 'Active'),
       (27, 'Vadim', 'Vadimov', 'Vadimovich', '1998-03-27', 'Pilot', 4, '2024-03-27', 'Active'),
       (28, 'Valeriy', 'Valeriev', 'Valerievich', '199-04-28', 'Pilot', 3, '2024-04-28', 'Active'),
       (29, 'Yaroslav', 'Yaroslavov', 'Yaroslavovich', '2001-05-29', 'Steward', 2, '2024-05-29', 'Active'),
       (30, 'Timofey', 'Timofeev', 'Timofeevich', '200-06-30', 'Steward', 1, '2024-06-30', 'Active');


INSERT INTO public."Passenger" ("PASSENGER_FIRSTN", "PASSENGER_LASTN", "PASSENGER_FATHERN", "BIRTH_DT", "PASSPORT_SERIES", "PASSPORT_NUMBER", "PASSENGER_CATEGORY") 
VALUES ('Ivan', 'Ivanov', 'Ivanovich', '1980-01-01', 4000, 123456, 'Adult'),
       ('Petr', 'Ivanov', 'Petrovich', '1981-02-02', 4001, 123457, 'Adult'),
       ('Sidor', 'Petrov', 'Sidorovich', '1982-03-03', 4002, 123458, 'Adult'),
       ('Nikolay', 'Konstantinov', 'Nikolaevich', '1983-04-04', 4003, 123459, 'Adult'),
       ('Mikhail', 'Konstantinov', 'Mikhailovich', '1984-05-05', 4004, 123460, 'Adult'),
       ('Alexey', 'Nikolaev', 'Alexeevich', '1985-06-06', 4005, 123461, 'Adult'),
       ('Dmitriy', 'Nikolaev', 'Dmitrievich', '1986-07-07', 4006, 123462, 'Adult'),
       ('Sergey', 'Konstantinov', 'Sergeevich', '1987-08-08', 4007, 123463, 'Adult'),
       ('Andrey', 'Petrov', 'Andreevich', '1988-09-09', 4008, 123464, 'Adult'),
       ('Yuriy', 'Nikolaev', 'Yurievich', '1989-10-10', 4009, 123465, 'Adult'),
       ('Anton', 'Konstantinov', 'Antonovich', '1990-11-11', 4010, 123466, 'Adult'),
       ('Boris', 'Borisov', 'Borisovich', '1991-12-12', 4011, 123467, 'Adult'),
       ('Vladimir', 'Nikolaev', 'Vladimirovich', '1992-01-13', 4012, 123468, 'Adult'),
       ('Viktor', 'Konstantinov', 'Viktorovich', '1993-02-14', 4013, 123469, 'Adult'),
       ('Evgeniy', 'Antonov', 'Evgenievich', '1994-03-15', 4014, 123470, 'Adult'),
       ('Konstantin', 'Nikolaev', 'Konstantinovich', '1995-04-16', 4015, 123471, 'Adult'),
       ('Maxim', 'Timofeev', 'Maximovich', '1996-05-17', 4016, 123472, 'Adult'),
       ('Igor', 'Kirillov', 'Igorevich', '1997-06-18', 4017, 123473, 'Adult'),
       ('Oleg', 'Timofeev', 'Olegovich', '1998-07-19', 4018, 123474, 'Adult'),
       ('Leonid', 'Leonidov', 'Leonidovich', '1999-08-20', 4019, 123475, 'Adult'),
       ('Roman', 'Antonov', 'Romanovich', '2000-09-21', 4020, 123476, 'Adult'),
       ('Vasiliy', 'Vasiliev', 'Vasilievich', '2001-10-22', 4021, 123477, 'Adult'),
       ('Pavel', 'Pavlov', 'Pavlovich', '2002-11-23', 4022, 123478, 'Adult'),
       ('Kirill', 'Kirillov', 'Kirillovich', '2003-12-24', 4023, 123479, 'Adult'),
       ('Stepan', 'Kirillov', 'Stepanovich', '2004-01-25', 4024, 123480, 'Adult'),
       ('Grigoriy', 'Timofeev', 'Grigorievich', '2005-02-26', 4025, 123481, 'Adult'),
       ('Vadim', 'Timofeev', 'Vadimovich', '2006-03-27', 4026, 123482, 'Adult'),
       ('Valeriy', 'Timofeev', 'Valerievich', '2007-04-28', 4027, 123483, 'Adult'),
       ('Yaroslav', 'Sidorov', 'Yaroslavovich', '2008-05-29', 4028, 123484, 'Adult'),
       ('Timofey', 'Antonov', 'Timofeevich', '2009-06-30', 4029, 123485, 'Adult');

INSERT INTO public."Loyalty_card" ("PASSENGER_ID", "LOYALTY_LEVEL", "LOYALTY_POINTS", "CARD_STATUS") 
VALUES (1, 'Silver', 1000, 'Active'),
       (2, 'Silver', 2000, 'Active'),
       (3, 'Silver', 3000, 'Active'),
       (4, 'Silver', 4000, 'Active'),
       (5, 'Silver', 5000, 'Active'),
       (6, 'Gold', 6000, 'Active'),
       (7, 'Gold', 7000, 'Active'),
       (8, 'Gold', 8000, 'Active'),
       (9, 'Gold', 9000, 'Active'),
       (10, 'Gold', 10000, 'Active'),
       (11, 'Platinum', 11000, 'Active'),
       (12, 'Platinum', 12000, 'Active'),
       (13, 'Platinum', 13000, 'Active'),
       (14, 'Platinum', 14000, 'Active'),
       (15, 'Platinum', 15000, 'Active'),
       (16, 'Silver', 16000, 'Inactive'),
       (17, 'Silver', 17000, 'Inactive'),
       (18, 'Silver', 18000, 'Inactive'),
       (19, 'Silver', 19000, 'Inactive'),
       (20, 'Silver', 20000, 'Inactive'),
       (21, 'Gold', 21000, 'Inactive'),
       (22, 'Gold', 22000, 'Inactive'),
       (23, 'Gold', 23000, 'Inactive'),
       (24, 'Gold', 24000, 'Inactive'),
       (25, 'Gold', 25000, 'Inactive'),
       (26, 'Platinum', 26000, 'Inactive'),
       (27, 'Platinum', 27000, 'Inactive'),
       (28, 'Platinum', 28000, 'Inactive'),
       (29, 'Platinum', 29000, 'Inactive'),
       (30, 'Platinum', 30000, 'Inactive');


INSERT INTO public."Flight" ("OFFICE_ID", "AIRPLANE_ID", "DEPARTURE_AIRPORT", "ARRIVAL_AIRPORT", "DEPARTURE_DTTM", "ARRIVAL_DTTM", "TRAVEL_TIME", "FLIGHT_STATUS", 
                            "VALID_FROM_DTTM", "VALID_TO_DTTM")
VALUES (1, 1, 1, 2, '2024-01-01 10:00:00', '2024-01-01 12:00:00', 2, 'Scheduled', '2024-01-01 00:00:00', '5999-01-01 00:00:00'),
       (1, 2, 2, 3, '2024-01-02 10:00:00', '2024-01-02 13:00:00', 3, 'Scheduled', '2024-01-02 00:00:00', '5999-01-01 00:00:00'),
       (1, 3, 3, 4, '2024-01-03 10:00:00', '2024-01-03 14:00:00', 4, 'Scheduled', '2024-01-03 00:00:00', '5999-01-01 00:00:00'),
       (1, 4, 4, 5, '2024-01-04 10:00:00', '2024-01-04 15:00:00', 5, 'Scheduled', '2024-01-04 00:00:00', '5999-01-01 00:00:00'),
       (1, 5, 5, 6, '2024-01-05 10:00:00', '2024-01-05 16:00:00', 6, 'Scheduled', '2024-01-05 00:00:00', '5999-01-01 00:00:00'),
       (1, 6, 6, 7, '2024-01-06 10:00:00', '2024-01-06 17:00:00', 7, 'Scheduled', '2024-01-06 00:00:00', '5999-01-01 00:00:00'),
       (1, 7, 7, 8, '2024-01-07 10:00:00', '2024-01-07 18:00:00', 8, 'Scheduled', '2024-01-07 00:00:00', '5999-01-01 00:00:00'),
       (1, 8, 8, 9, '2024-01-08 10:00:00', '2024-01-08 19:00:00', 9, 'Scheduled', '2024-01-08 00:00:00', '5999-01-01 00:00:00'),
       (1, 9, 9, 10, '2024-01-09 10:00:00', '2024-01-09 20:00:00', 10, 'Scheduled', '2024-01-09 00:00:00', '5999-01-01 00:00:00'),
       (1, 10, 10, 11, '2024-01-10 10:00:00', '2024-01-10 21:00:00', 11, 'Scheduled', '2024-01-10 00:00:00', '5999-01-01 00:00:00'),
       (1, 11, 11, 12, '2024-01-11 10:00:00', '2024-01-11 22:00:00', 12, 'Scheduled', '2024-01-11 00:00:00', '5999-01-01 00:00:00'),
       (1, 12, 12, 13, '2024-01-12 10:00:00', '2024-01-12 23:00:00', 13, 'Scheduled', '2024-01-12 00:00:00', '5999-01-01 00:00:00'),
       (1, 13, 13, 14, '2024-01-13 10:00:00', '2024-01-13 23:59:00', 14, 'Scheduled', '2024-01-13 00:00:00', '5999-01-01 00:00:00'),
       (1, 14, 14, 15, '2024-01-14 10:00:00', '2024-01-14 23:59:00', 14, 'Scheduled', '2024-01-14 00:00:00', '5999-01-01 00:00:00'),
       (1, 15, 15, 16, '2024-01-15 10:00:00', '2024-01-15 23:59:00', 14, 'Scheduled', '2024-01-15 00:00:00', '5999-01-01 00:00:00'),
       (1, 16, 16, 17, '2024-01-16 10:00:00', '2024-01-16 23:59:00', 14, 'Scheduled', '2024-01-16 00:00:00', '5999-01-01 00:00:00'),
       (1, 17, 17, 18, '2024-01-17 10:00:00', '2024-01-17 23:59:00', 14, 'Scheduled', '2024-01-17 00:00:00', '5999-01-01 00:00:00'),
       (1, 18, 18, 19, '2024-01-18 10:00:00', '2024-01-18 23:59:00', 14, 'Scheduled', '2024-01-18 00:00:00', '5999-01-01 00:00:00'),
       (1, 19, 19, 20, '2024-01-19 10:00:00', '2024-01-19 23:59:00', 14, 'Scheduled', '2024-01-19 00:00:00', '5999-01-01 00:00:00'),
       (1, 20, 20, 21, '2024-01-20 10:00:00', '2024-01-20 23:59:00', 14, 'Scheduled', '2024-01-20 00:00:00', '5999-01-01 00:00:00'),
       (1, 21, 21, 22, '2024-01-21 10:00:00', '2024-01-21 23:59:00', 14, 'Scheduled', '2024-01-21 00:00:00', '5999-01-01 00:00:00'),
       (1, 22, 22, 23, '2024-01-22 10:00:00', '2024-01-22 23:59:00', 14, 'Scheduled', '2024-01-22 00:00:00', '5999-01-01 00:00:00'),
       (1, 23, 23, 24, '2024-01-23 10:00:00', '2024-01-23 23:59:00', 14, 'Scheduled', '2024-01-23 00:00:00', '5999-01-01 00:00:00'),
       (1, 24, 24, 25, '2024-01-24 10:00:00', '2024-01-24 23:59:00', 14, 'Scheduled', '2024-01-24 00:00:00', '5999-01-01 00:00:00'),
       (1, 25, 25, 26, '2024-01-25 10:00:00', '2024-01-25 23:59:00', 14, 'Scheduled', '2024-01-25 00:00:00', '5999-01-01 00:00:00'),
       (1, 26, 26, 27, '2024-01-26 10:00:00', '2024-01-26 23:59:00', 14, 'Scheduled', '2024-01-26 00:00:00', '5999-01-01 00:00:00'),
       (1, 27, 27, 28, '2024-01-28 10:00:00', '2024-01-28 23:59:00', 14, 'Scheduled', '2024-01-28 00:00:00', '5999-01-01 00:00:00'),
       (1, 28, 28, 29, '2024-01-29 10:00:00', '2024-01-29 23:59:00', 14, 'Scheduled', '2024-01-29 00:00:00', '5999-01-01 00:00:00'),
       (1, 29, 29, 30, '2024-01-30 10:00:00', '2024-01-30 23:59:00', 14, 'Scheduled', '2024-01-30 00:00:00', '5999-01-01 00:00:00'),
       (1, 30, 30, 1, '2024-01-31 10:00:00', '2024-01-31 23:59:00', 14, 'Scheduled', '2024-01-31 00:00:00', '5999-01-01 00:00:00');


INSERT INTO public."Crew" ("OFFICE_ID", "AIRPLANE_ID", "SHIP_COMMANDER", "SECOND_PILOT", "SENIOR_FLIGHT_ATTENDANT", "FLIGHT_ATTENDANT_1", 
                            "FLIGHT_ATTENDANT_2", "FLIGHT_ATTENDANT_3", "FLIGHT_ATTENDANT_4") 
VALUES (1, 1, 1, 2, 3, 4, 5, 6, 7),
       (2, 2, 8, 9, 10, 11, 12, 13, 14),
       (3, 3, 15, 16, 17, 18, 19, 20, 21),
       (4, 4, 22, 23, 24, 25, 26, 27, 28),
       (5, 5, 29, 30, 31, 32, 33, 34, 35),
       (6, 6, 36, 37, 38, 39, 40, 41, 42),
       (7, 7, 43, 44, 45, 46, 47, 48, 49),
       (8, 8, 50, 51, 52, 53, 54, 55, 56),
       (9, 9, 57, 58, 59, 60, 61, 62, 63),
       (10, 10, 64, 65, 66, 67, 68, 69, 70),
       (11, 11, 71, 72, 73, 74, 75, 76, 77),
       (12, 12, 78, 79, 80, 81, 82, 83, 84),
       (13, 13, 85, 86, 87, 88, 89, 90, 91),
       (14, 14, 92, 93, 94, 95, 96, 97, 98),
       (15, 15, 99, 100, 101, 102, 103, 104, 105),
       (16, 16, 106, 107, 108, 109, 110, 111, 112),
       (17, 17, 113, 114, 115, 116, 117, 118, 119),
       (18, 18, 120, 121, 122, 123, 124, 125, 126),
       (19, 19, 127, 128, 129, 130, 131, 132, 133),
       (20, 20, 134, 135, 136, 137, 138, 139, 140),
       (21, 21, 141, 142, 143, 144, 145, 146, 147),
       (22, 22, 148, 149, 150, 151, 152, 153, 154),
       (23, 23, 155, 156, 157, 158, 159, 160, 161),
       (24, 24, 162, 163, 164, 165, 166, 167, 168),
       (25, 25, 169, 170, 171, 172, 173, 174, 175),
       (26, 26, 176, 177, 178, 179, 180, 181, 182),
       (27, 27, 183, 184, 185, 186, 187, 188, 189),
       (28, 28, 190, 191, 192, 193, 194, 195, 196),
       (29, 29, 197, 198, 199, 200, 201, 202, 203),
       (30, 30, 204, 205, 206, 207, 208, 209, 210);


INSERT INTO public."Ticket" ("PASSENGER_ID", "FLIGHT_ID", "PLACE_NUMBER", "SERVICE_CLASS", "TICKET_PRICE", "STATUS_STATUS")
VALUES (1, 1, '1A', 'Business', '1000', 'Booked'),
       (2, 2, '2B', 'Economy', '500', 'Booked'),
       (3, 3, '3C', 'Business', '1000', 'Booked'),
       (4, 4, '4D', 'Economy', '500', 'Booked'),
       (5, 5, '5E', 'Business', '1000', 'Booked'),
       (6, 6, '6F', 'Economy', '500', 'Booked'),
       (7, 7, '7G', 'Business', '1000', 'Booked'),
       (8, 8, '8H', 'Economy', '500', 'Booked'),
       (9, 9, '9I', 'Business', '1000', 'Booked'),
       (10, 10, '10J', 'Economy', '500', 'Booked'),
       (11, 11, '11K', 'Business', '1000', 'Booked'),
       (12, 12, '12L', 'Economy', '500', 'Booked'),
       (13, 13, '13M', 'Business', '1000', 'Booked'),
       (14, 14, '14N', 'Economy', '500', 'Booked'),
       (15, 15, '15O', 'Business', '1000', 'Booked'),
       (16, 16, '16P', 'Economy', '500', 'Booked'),
       (17, 17, '17Q', 'Business', '1000', 'Booked'),
       (18, 18, '18R', 'Economy', '500', 'Booked'),
       (19, 19, '19S', 'Business', '1000', 'Booked'),
       (20, 20, '20T', 'Economy', '500', 'Booked'),
       (21, 21, '21U', 'Business', '1000', 'Booked'),
       (22, 22, '22V', 'Economy', '500', 'Booked'),
       (23, 23, '23W', 'Business', '1000', 'Booked'),
       (24, 24, '24X', 'Economy', '500', 'Booked'),
       (25, 25, '25Y', 'Business', '1000', 'Booked'),
       (26, 26, '26Z', 'Economy', '500', 'Booked'),
       (27, 27, '27A', 'Business', '1000', 'Booked'),
       (28, 28, '28B', 'Economy', '500', 'Booked'),
       (29, 29, '29C', 'Business', '1000', 'Booked'),
       (30, 30, '30D', 'Economy', '500', 'Booked');


INSERT INTO public."Payment" ("PASSENGER_ID", "TICKET_ID", "LOYALTY_CARD_ID", "PAYMENT_AMOUNT", "PAYMENT_METHOD", "PAYMENT_DTTM", "PAYMENT_STATUS")
VALUES (1, 1, 1, 1000, 'Credit Card', '2024-01-01 10:00:00', 'Paid'),
       (2, 2, 2, 500, 'Debit Card', '2024-01-02 10:00:00', 'Paid'),
       (3, 3, 3, 1000, 'Credit Card', '2024-01-03 10:00:00', 'Paid'),
       (4, 4, 4, 500, 'Debit Card', '2024-01-04 10:00:00', 'Paid'),
       (5, 5, 5, 1000, 'Credit Card', '2024-01-05 10:00:00', 'Paid'),
       (6, 6, 6, 500, 'Debit Card', '2024-01-06 10:00:00', 'Paid'),
       (7, 7, 7, 1000, 'Credit Card', '2024-01-07 10:00:00', 'Paid'),
       (8, 8, 8, 500, 'Debit Card', '2024-01-08 10:00:00', 'Paid'),
       (9, 9, 9, 1000, 'Credit Card', '2024-01-09 10:00:00', 'Paid'),
       (10, 10, 10, 500, 'Debit Card', '2024-01-10 10:00:00', 'Paid'),
       (11, 11, 11, 1000, 'Credit Card', '2024-01-11 10:00:00', 'Paid'),
       (12, 12, 12, 500, 'Debit Card', '2024-01-12 10:00:00', 'Paid'),
       (13, 13, 13, 1000, 'Credit Card', '2024-01-13 10:00:00', 'Paid'),
       (14, 14, 14, 500, 'Debit Card', '2024-01-14 10:00:00', 'Paid'),
       (15, 15, 15, 1000, 'Credit Card', '2024-01-15 10:00:00', 'Paid'),
       (16, 16, 16, 500, 'Debit Card', '2024-01-16 10:00:00', 'Paid'),
       (17, 17, 17, 1000, 'Credit Card', '2024-01-17 10:00:00', 'Paid'),
       (18, 18, 18, 500, 'Debit Card', '2024-01-18 10:00:00', 'Paid'),
       (19, 19, 19, 1000, 'Credit Card', '2024-01-19 10:00:00', 'Paid'),
       (20, 20, 20, 500, 'Debit Card', '2024-01-20 10:00:00', 'Paid'),
       (21, 21, 21, 1000, 'Credit Card', '2024-01-21 10:00:00', 'Paid'),
       (22, 22, 22, 500, 'Debit Card', '2024-01-22 10:00:00', 'Paid'),
       (23, 23, 23, 1000, 'Credit Card', '2024-01-23 10:00:00', 'Paid'),
       (24, 24, 24, 500, 'Debit Card', '2024-01-24 10:00:00', 'Paid'),
       (25, 25, 25, 1000, 'Credit Card', '2024-01-25 10:00:00', 'Paid'),
       (26, 26, 26, 500, 'Debit Card', '2024-01-26 10:00:00', 'Paid'),
       (27, 27, 27, 1000, 'Credit Card', '2024-01-27 10:00:00', 'Paid'),
       (28, 28, 28, 500, 'Debit Card', '2024-01-28 10:00:00', 'Paid'),
       (29, 29, 29, 1000, 'Credit Card', '2024-01-29 10:00:00', 'Paid'),
       (30, 30, 30, 500, 'Debit Card', '2024-01-30 10:00:00', 'Paid');